Storm ID,Name,Year,Landfall Code,Coastal Counties within RMW,State,FIPS Code,Landfall Population,2022 Population,Landfalling Housing Units,2022 Housing Units
AL011900,Galveston,1900,LF1,Brazoria County,TX,48039,14861,388181,3070,150595
AL011900,Galveston,1900,LF1,Galveston County,TX,48167,44116,357117,8664,162101
AL011900,Galveston,1900,LF1,Harris County,TX,48201,63786,4780913,12511,1917799
AL011900,Galveston,1900,LF1_Total,Total First ,,,122763,5526211,24245,2230495
AL021915,Galveston,1915,LF1,Brazoria County,TX,48039,16957,388181,"3,737","150,595"
AL021915,Galveston,1915,LF1,Chambers County,TX,48071,4198,"51,288",884,"19,198"
AL021915,Galveston,1915,LF1,Galveston County,TX,48167,48815,"357,117","10,161","162,101"
AL021915,Galveston,1915,LF1,Harris County,TX,48201,151180,"4,780,913","31,514","1,917,799"
AL021915,Galveston,1915,LF1,Matagorda County,TX,48321,15092,"36,125","3,226","19,223"
AL021915,Galveston,1915,LF1_Total,Total First ,,,236242,5613624,"49,522","2,268,916"
AL021919,Florida Keys,1919,LF1,Monroe County,FL,12087,19751.3,81708,3951.7,54862
AL021919,Florida Keys,1919,LF1_Total,Total First ,,,19751.3,81708,3951.7,54862
AL021919,Florida Keys,1919,LF2,Aransas County,TX,48007,2068.2,24944,411.8,16031
AL021919,Florida Keys,1919,LF2,Calhoun County,TX,48057,4593.5,19706,986.1,10863
AL021919,Florida Keys,1919,LF2,Cameron County,TX,48061,35711.6,425208,7112.9,159565
AL021919,Florida Keys,1919,LF2,Kenedy County,TX,48261,0,358,0,196
AL021919,Florida Keys,1919,LF2,Kleberg County,TX,48273,0,30362,0,14024
AL021919,Florida Keys,1919,LF2,Nueces County,TX,48355,22721.8,351674,4710.2,154633
AL021919,Florida Keys,1919,LF2,Refugio County,TX,48391,3926.4,6632,818.4,3378
AL021919,Florida Keys,1919,LF2,San Patricio County,TX,48409,10978.1,69954,2261.1,30506
AL021919,Florida Keys,1919,LF2,Willacy County,TX,48489,0,20143,0,6878
AL021919,Florida Keys,1919,LF2_Total,Total Second,,,,948981,,396074
AL021919,Florida Keys,1919,Total_All,Total All,,,,1030689,,450936
AL071926,Great Miami,1926,LF1,Broward County,FL,12011,14110.4,1947026,3654.6,867215
AL071926,Great Miami,1926,LF1,Collier County,FL,12021,0,397994,0,240238
AL071926,Great Miami,1926,LF1,Monroe County,FL,12087,15994.4,81708,3494.6,54862
AL071926,Great Miami,1926,LF1,Miami-Dade County,FL,12086,102874.2,2673837,24570.2,1095553
AL071926,Great Miami,1926,LF1_Total,Total First ,,,132979,5100565,31719.4,2257868
AL071926,Great Miami,1926,LF2,Baldwin County,AL,01003,25265.4,246435,5670.8,132300
AL071926,Great Miami,1926,LF2,Escambia County,FL,12033,51910.8,324878,11140,149482
AL071926,Great Miami,1926,LF2,Santa Rosa County,FL,12113,13917.8,198268,2920.8,80364
AL071926,Great Miami,1926,LF2_Total,Total Second,,,91094,769581,19731.6,362146
AL071926,Great Miami,1926,Total_All,Total All,,,224073,5870146,51451,2620014
AL041928,Lake Okeechobee,1928,LF1,Broward County,FL,12011,17102.2,1947026,4416.8,867215
AL041928,Lake Okeechobee,1928,LF1,Martin County,FL,12085,0,162006,0,82908
AL041928,Lake Okeechobee,1928,LF1,Palm Beach County,FL,12099,45155.6,1518477,11269.4,720741
AL041928,Lake Okeechobee,1928,LF1,St. Lucie County,FL,12111,7222.8,358704,1843.2,160601
AL041928,Lake Okeechobee,1928,LF1,Miami-Dade County,FL,12086,122914.6,2673837,29402.6,1095553
AL041928,Lake Okeechobee,1928,LF1_Total,Total First ,,,192395.2,6660050,46932,2927018
AL021932,Freeport,1932,LF1,Brazoria County,FL,48039,23857,388181,5308.6,150595
AL021932,Freeport,1932,LF1,Galveston County,FL,48167,67755.4,357117,16368.4,162101
AL021932,Freeport,1932,LF1_Total,Total First ,,,91612.4,745298,21677,312696
AL061933,Chesapeake-Potomac,1933,LF1,Beaufort County,NC,37013,35447.5,44272,7623.7,24539
AL061933,Chesapeake-Potomac,1933,LF1,Bertie County,NC,37015,25951.1,17240,5006.3,8989
AL061933,Chesapeake-Potomac,1933,LF1,Camden County,NC,37029,5454.7,11088,1205.1,4311
AL061933,Chesapeake-Potomac,1933,LF1,Carteret County,NC,37031,17315.2,69380,3846.1,52199
AL061933,Chesapeake-Potomac,1933,LF1,Chowan County,NC,37041,11369,13940,2376,7196
AL061933,Chesapeake-Potomac,1933,LF1,Currituck County,NC,37053,6709.7,31015,1572.4,17179
AL061933,Chesapeake-Potomac,1933,LF1,Dare County,NC,37055,5453.7,37956,1349.6,35267
AL061933,Chesapeake-Potomac,1933,LF1,Hyde County,NC,37095,8343,4576,1836,3167
AL061933,Chesapeake-Potomac,1933,LF1,Pamlico County,NC,37137,9421.1,12381,2030.9,7311
AL061933,Chesapeake-Potomac,1933,LF1,Pasquotank County,NC,37139,19570.5,40938,4294.7,17682
AL061933,Chesapeake-Potomac,1933,LF1,Perquimans County,NC,37143,10399.5,13210,2273.2,6957
AL061933,Chesapeake-Potomac,1933,LF1,Tyrrell County,NC,37177,5281.6,3365,1109.2,2010
AL061933,Chesapeake-Potomac,1933,LF1,Washington County,NC,37187,11819,10828,2353.4,6048
AL061933,Chesapeake-Potomac,1933,LF1,Suffolk city,VA,51800,10592.6,98537,2653.6,40847
AL061933,Chesapeake-Potomac,1933,LF1,Virginia Beach city,VA,51810,0,455618,0,191161
AL061933,Chesapeake-Potomac,1933,LF1_Total,Total First ,,,183128.2,864344,39530.2,424863
AL071935,Yankee,1935,LF1,Broward County,FL,12011,29944,1947026,10561.5,867215
AL071935,Yankee,1935,LF1,Miami-Dade County,FL,12086,205347,2673837,62353.5,1095553
AL071935,Yankee,1935,LF1_Total,Total First ,,,235291,4620863,72915,1962768
AL061938,Great New England,1938,LF1,Fairfield County,CT,09001,412047.6,959768,114134.8,380686
AL061938,Great New England,1938,LF1,Middlesex County,CT,09007,55076.8,164759,16725,76491
AL061938,Great New England,1938,LF1,New Haven County,CT,09009,480142.6,863700,133517.4,370802
AL061938,Great New England,1938,LF1,New London County,CT,09011,123972.4,268805,36380.4,123392
AL061938,Great New England,1938,LF1,Essex County,NJ,34013,836574.6,849477,208293.2,336552
AL061938,Great New England,1938,LF1,Hudson County,NJ,34017,659778,703366,162193,319636
AL061938,Great New England,1938,LF1,Middlesex County,NJ,34023,216103.2,861418,52715,317338
AL061938,Great New England,1938,LF1,Monmouth County,NJ,34025,158432.2,644098,56216.8,270238
AL061938,Great New England,1938,LF1,Union County,NJ,34039,323717,569815,81987.4,211919
AL061938,Great New England,1938,LF1,Bronx County,NY,36005,1368820.4,1379946,327623.4,558005
AL061938,Great New England,1938,LF1,Kings County,NY,36047,2670708.2,2590516,659063,1101441
AL061938,Great New England,1938,LF1,Nassau County,NY,36059,386009,1383726,116514,479297
AL061938,Great New England,1938,LF1,New York County,NY,36061,1885401.6,1596273,505149.2,923302
AL061938,Great New England,1938,LF1,Queens County,NY,36081,1253933,2278029,349362,911957
AL061938,Great New England,1938,LF1,Richmond County,NY,36085,171222,491133,44971.8,184530
AL061938,Great New England,1938,LF1,Suffolk County,NY,36103,190095,1525465,67838.8,580676
AL061938,Great New England,1938,LF1,Westchester County,NY,36119,563035.8,990427,144775.8,394293
AL061938,Great New England,1938,LF1,Washington County,RI,44009,31861.2,130330,11177.8,66432
AL061938,Great New England,1938,LF1_Total,Total First ,,,11786930.6,18251051,3088638.8,7606987
AL131944,Cuba Florida,1944,LF1,Charlotte County,FL,12015,3912.2,202661,1718.4,118233
AL131944,Cuba Florida,1944,LF1,Hillsborough County,FL,12057,208046.4,1513301,64378.8,628454
AL131944,Cuba Florida,1944,LF1,Lee County,FL,12071,19854.4,822453,7063.4,442027
AL131944,Cuba Florida,1944,LF1,Manatee County,FL,12081,29540.4,429125,11193,220656
AL131944,Cuba Florida,1944,LF1,Monroe County,FL,12087,20429.6,81708,6051.2,54862
AL131944,Cuba Florida,1944,LF1,Pasco County,FL,12101,16600.2,608794,5992.6,272025
AL131944,Cuba Florida,1944,LF1,Pinellas County,FL,12103,118810.8,961739,52811,519812
AL131944,Cuba Florida,1944,LF1,Sarasota County,FL,12115,21194.4,462286,9137.4,266141
AL131944,Cuba Florida,1944,LF1_Total,Total First ,,,438388.4,5082067,158345.8,2522210
AL131944,Cuba Florida,1944,DIL_1,South Carolina State,SC,,1986693,"5,282,634","498,408","2,446,724"
AL071944,Great Atlantic,1944,LF1,Fairfield County,CT,09001,452767.2,959768,132956.6,380686
AL071944,Great Atlantic,1944,LF1,Middlesex County,CT,09007,60532.2,164759,20040,76491
AL071944,Great Atlantic,1944,LF1,New Haven County,CT,09009,508903.2,863700,148950,370802
AL071944,Great Atlantic,1944,LF1,New London County,CT,09011,133062.8,268805,41831,123392
AL071944,Great Atlantic,1944,LF1,Barnstable County,MA,25001,41099,232457,25239,166126
AL071944,Great Atlantic,1944,LF1,Bristol County,MA,25005,371409.8,580068,107092.4,245047
AL071944,Great Atlantic,1944,LF1,Dukes County,MA,25007,5654.6,20868,3874.2,17854
AL071944,Great Atlantic,1944,LF1,Norfolk County,MA,25021,352031.2,725531,98546.2,295721
AL071944,Great Atlantic,1944,LF1,Plymouth County,MA,25023,177081.6,533069,68207.8,218627
AL071944,Great Atlantic,1944,LF1,Suffolk County,NY,36103,228864.6,1525465,88712.4,580676
AL071944,Great Atlantic,1944,LF1,Bristol County,RI,44001,26960.4,50360,8572.4,21607
AL071944,Great Atlantic,1944,LF1,Kent County,RI,44003,66091.8,171275,21363.6,76568
AL071944,Great Atlantic,1944,LF1,Newport County,RI,44005,52633.2,84481,16336,43668
AL071944,Great Atlantic,1944,LF1,Providence County,RI,44007,560168,657288,159014.4,277754
AL071944,Great Atlantic,1944,LF1,Washington County,RI,44009,38912.6,130330,14453.8,66432
AL071944,Great Atlantic,1944,LF1_Total,Total First ,,,3076172.2,6968224,955189.8,2961451
AL071944,Great Atlantic,1944,ID1,North Carolina State,NC,,3767745,"10,698,973","915,880","4,892,662"
AL091945,Homestead,1945,LF1,Monroe County,FL,12087,22017.5,81708,6442.5,54862
AL091945,Homestead,1945,LF1,Miami-Dade County,FL,12086,381411.5,2673837,135565,1095553
AL091945,Homestead,1945,LF1_Total,Total First ,,,403429,2755545,142007.5,1150415
AL041947,Fort Lauderdale,1947,LF1,Broward County,FL,12011,70691.3,1947026,30182,867215
AL041947,Fort Lauderdale,1947,LF1,Palm Beach County,FL,12099,104278.3,1518477,41059.4,720741
AL041947,Fort Lauderdale,1947,LF1,Miami-Dade County,FL,12086,426880.5,2673837,153602.2,1095553
AL041947,Fort Lauderdale,1947,LF1_Total,Total First ,,,601850.1,6139340,224843.6,2683509
AL041947,Fort Lauderdale,1947,LF2,Jefferson Parish,LA,22051,87839.2,425884,25158,194761
AL041947,Fort Lauderdale,1947,LF2,Lafourche Parish,LA,22057,41130.8,95870,10629.6,41826
AL041947,Fort Lauderdale,1947,LF2,Orleans Parish,LA,22071,547672.6,369749,162675.1,195627
AL041947,Fort Lauderdale,1947,LF2,Plaquemines Parish,LA,22075,13662.7,22516,3689.9,9793
AL041947,Fort Lauderdale,1947,LF2,St. Bernard Parish,LA,22087,9944.9,44479,4239.5,18330
AL041947,Fort Lauderdale,1947,LF2,St. Tammany Parish,LA,22103,25978.8,273263,20433.4,114357
AL041947,Fort Lauderdale,1947,LF2,Hancock County,MS,28045,11722.1,46094,2812.3,24076
AL041947,Fort Lauderdale,1947,LF2,Harrison County,MS,28047,74090.8,211044,8497.8,94568
AL041947,Fort Lauderdale,1947,LF2_Total,Total Second,,,812041.9,1488899,238135.6,693338
AL041947,Fort Lauderdale,1947,Total_All,Total All,,,1413892,7628239,462979.2,3376847
AL021949,Florida,1949,LF1,Broward County,FL,12011,79519.1,1947026,34250,867215
AL021949,Florida,1949,LF1,Martin County,FL,12085,7655.8,162006,3307.5,82908
AL021949,Florida,1949,LF1,Palm Beach County,FL,12099,111218.1,1518477,44687.8,720741
AL021949,Florida,1949,LF1_Total,Total First ,,,198393,3627509,82245.3,1670864
AL141954,Hazel,1954,LF1,Brunswick County,NC,37019,19654,153064,5751.4,98132
AL141954,Hazel,1954,LF1,New Hanover County,NC,37129,66660,234921,22261.4,120181
AL141954,Hazel,1954,LF1,Georgetown County,SC,45043,32976.4,64722,8758,37350
AL141954,Hazel,1954,LF1,Horry County,SC,45051,63190.8,383101,19854.6,217330
AL141954,Hazel,1954,LF1_Total,Total First ,,,182481.2,835808,56625.4,472993
AL061954,Carol,1954,LF1,Middlesex County,CT,09007,75945.2,164759,26913.2,76491
AL061954,Carol,1954,LF1,New Haven County,CT,09009,591596.4,863700,183478.4,370802
AL061954,Carol,1954,LF1,New London County,CT,09011,161190.6,268805,53099.4,123392
AL061954,Carol,1954,LF1,Suffolk County,NY,36103,432391,1525465,154821.6,580676
AL061954,Carol,1954,LF1,Kent County,RI,44003,91705.4,171275,29961.2,76568
AL061954,Carol,1954,LF1,Newport County,RI,44005,69679.8,84481,21287.8,43668
AL061954,Carol,1954,LF1,Providence County,RI,44007,572495,657288,179321,277754
AL061954,Carol,1954,LF1,Washington County,RI,44009,52746.8,130330,20061,66432
AL061954,Carol,1954,LF1_Total,Total First ,,,2047750.2,3866103,668943.6,1615783
AL061954,Carol,1954,ID1,North Carolina State,NC,,4259619,"10,698,973","1,164,203","4,892,662"
AL051961,Donna,1960,LF1,Collier County,FL,12021,15753,397994,5950,240238
AL051961,Donna,1960,LF1,Lee County,FL,12071,54539,822453,21032,442027
AL051961,Donna,1960,LF1,Monroe County,FL,12087,47921,81708,16721,54862
AL051961,Donna,1960,LF1,Miami-Dade County,FL,12086,935047,2673837,348946,1095553
AL051961,Donna,1960,LF1_Total,Total First ,,,1053260,3975992,392649,1832680
AL051961,Donna,1960,LF2,Beaufort County,NC,37013,36014,44272,11384,24539
AL051961,Donna,1960,LF2,Bertie County,NC,37015,24350,17240,6256,8989
AL051961,Donna,1960,LF2,Brunswick County,NC,37019,20278,153064,6616,98132
AL051961,Donna,1960,LF2,Carteret County,NC,37031,30940,69380,9866,52199
AL051961,Donna,1960,LF2,Craven County,NC,37049,58773,100874,16457,47777
AL051961,Donna,1960,LF2,Hyde County,NC,37095,5765,4576,1903,3167
AL051961,Donna,1960,LF2,New Hanover County,NC,37129,71742,234921,24578,120181
AL051961,Donna,1960,LF2,Onslow County,NC,37133,82706,207298,18648,87540
AL051961,Donna,1960,LF2,Pamlico County,NC,37137,9850,12381,3038,7311
AL051961,Donna,1960,LF2,Pender County,NC,37141,18508,65737,5964,31765
AL051961,Donna,1960,LF2,Tyrrell County,NC,37177,4520,3365,1322,2010
AL051961,Donna,1960,LF2,Washington County,NC,37187,13488,10828,3589,6048
AL051961,Donna,1960,LF2,Horry County,SC,45051,68247,383101,24684,217330
AL051961,Donna,1960,LF2_Total,Total Second,,,445181,1307037,134305,706988
AL051961,Donna,1960,LF3,Fairfield County,CT,09001,653589,959768,208997,380686
AL051961,Donna,1960,LF3,Middlesex County,CT,09007,88865,164759,32426,76491
AL051961,Donna,1960,LF3,New Haven County,CT,09009,660315,863700,212735,370802
AL051961,Donna,1960,LF3,New London County,CT,09011,185745,268805,62100,123392
AL051961,Donna,1960,LF3,Essex County,NJ,34013,923545,849477,299832,336552
AL051961,Donna,1960,LF3,Hudson County,NJ,34017,610734,703366,204800,319636
AL051961,Donna,1960,LF3,Middlesex County,NJ,34023,433856,861418,125347,317338
AL051961,Donna,1960,LF3,Monmouth County,NJ,34025,334401,644098,115619,270238
AL051961,Donna,1960,LF3,Ocean County,NJ,34029,108241,655735,71657,295648
AL051961,Donna,1960,LF3,Union County,NJ,34039,504255,569815,154180,211919
AL051961,Donna,1960,LF3,Bronx County,NY,36005,1424815,1379946,473159,558005
AL051961,Donna,1960,LF3,Kings County,NY,36047,2627319,2590516,875757,1101441
AL051961,Donna,1960,LF3,Nassau County,NY,36059,1300171,1383726,366303,479297
AL051961,Donna,1960,LF3,New York County,NY,36061,1698281,1596273,727424,923302
AL051961,Donna,1960,LF3,Queens County,NY,36081,1809578,2278029,617077,911957
AL051961,Donna,1960,LF3,Richmond County,NY,36085,221991,491133,65156,184530
AL051961,Donna,1960,LF3,Suffolk County,NY,36103,666784,1525465,224451,580676
AL051961,Donna,1960,LF3,Westchester County,NY,36119,808891,990427,254766,394293
AL051961,Donna,1960,LF3,Kent County,RI,44003,112619,171275,35969,76568
AL051961,Donna,1960,LF3,Washington County,RI,44009,59054,130330,23655,66432
AL051961,Donna,1960,LF3_Total,Total Third,,,15233049,19078061,5151410,7979203
AL051961,Donna,1960,Total_All,Total All,,,16731490,24361090,5678364,10518871
AL031961,Carla,1961,LF1,Aransas County,TX,48007,7214.2,24944,2901,16031
AL031961,Carla,1961,LF1,Calhoun County,TX,48057,16719.9,19706,5749.6,10863
AL031961,Carla,1961,LF1,Jackson County,TX,48239,13935.1,15142,4604.5,7048
AL031961,Carla,1961,LF1,Matagorda County,TX,48321,25970.5,36125,9624.8,19223
AL031961,Carla,1961,LF1,Refugio County,TX,48391,10830.8,6632,3719.2,3378
AL031961,Carla,1961,LF1,Victoria County,TX,48469,47223.1,91065,15813.8,39595
AL031961,Carla,1961,LF1_Total,Total First ,,,121893.6,193614,42412.9,96138
AL061964,Dora,1964,LF1,St. Johns,FL,12109,30572.8,306841,11123.6,"133,445"
AL061964,Dora,1964,LF1_Total,Total First ,,,30572.8,306841,11123.6,"133,445"
AL051964,Cleo,1964,LF1,Broward County,FL,12011,452261.2,1947026,178463.4,867215
AL051964,Cleo,1964,LF1,Miami-Dade County,FL,12086,561028.2,2673837,390930.8,1095553
AL051964,Cleo,1964,LF1_Total,Total First ,,,1013289.4,4620863,569394.2,1962768
AL031965,Betsy,1965,LF1,Collier County,FL,12021,27366,397994,11765,240238
AL031965,Betsy,1965,LF1,Monroe County,FL,12087,50458,81708,18726,54862
AL031965,Betsy,1965,LF1,Miami-Dade County,FL,12086,467523.5,2673837,401427,1095553
AL031965,Betsy,1965,LF1_Total,Total First ,,,545347.5,3153539,431918,1390653
AL031965,Betsy,1965,LF2,Jefferson Parish,LA,22051,275141,425884,80842.5,194761
AL031965,Betsy,1965,LF2,Lafourche Parish,LA,22057,62355.5,95870,17191,41826
AL031965,Betsy,1965,LF2,Orleans Parish,LA,22071,610661,369749,205583.5,195627
AL031965,Betsy,1965,LF2,Plaquemines Parish,LA,22075,24002.5,22516,6526.5,9793
AL031965,Betsy,1965,LF2,St. Bernard Parish,LA,22087,41795.5,44479,11532,18330
AL031965,Betsy,1965,LF2,Terrebonne Parish,LA,22109,68530,104786,18358,47808
AL031965,Betsy,1965,LF2_Total,Total Second,,,1082485.5,1063284,340033.5,508145
AL031965,Betsy,1965,Total_All,Total All,,,1627833,4216823,771951.5,1898798
AL091969,Camille,1969,LF1,Hancock County,MS,28045,17380.7,46094,7238.3,24076
AL091969,Camille,1969,LF1,Harrison County,MS,28047,134096,211044,40909.6,94568
AL091969,Camille,1969,ID1,Louisiana State Total,LA,,"3,618,564","4,590,241","1,133,700","2,113,216"
AL091969,Camille,1969,DIL1,Virginia State Total,VA,,"4,396,458","8,683,619","1,398,324","3,685,322"
AL091969,Camille,1969,DIL2,Alabama State Total,AL,,"3,437,042","5,074,296","1,104,962","2,339,582"
AL091969,Camille,1969,DIL3,West Virginia State Total,WV,,"1,761,494","1,775,156","594,975","861,633"
AL091969,Camille,1969,Total_All,Total All,,,13365034.3,20380450,4280108.9,9118397
AL041970,Celia,1970,LF1,Aransas County,TX,48007,9088,24944,4431,16031
AL041970,Celia,1970,LF1,Kleberg County,TX,48273,33341,30362,9624,14024
AL041970,Celia,1970,LF1,Nueces County,TX,48355,239279,351674,74695,154633
AL041970,Celia,1970,LF1,Refugio County,TX,48391,9533,6632,3343,3378
AL041970,Celia,1970,LF1,San Patricio County,TX,48409,47435,69954,15163,30506
AL041970,Celia,1970,LF1_Total,Total First ,,,338676,483566,107256,218572
AL021972,Agnes,1972,LF1,Bay County,FL,12005,79775,185134,30162.4,108675
AL021972,Agnes,1972,LF1,Escambia County,FL,12033,217952,324878,69845,149482
AL021972,Agnes,1972,LF1,Franklin County,FL,12037,7169,12498,3626.6,8561
AL021972,Agnes,1972,LF1,Gulf County,FL,12045,9891,15314,3984.2,9363
AL021972,Agnes,1972,LF1,Jefferson County,FL,12065,8948,15042,2915,6898
AL021972,Agnes,1972,LF1,Okaloosa County,FL,12091,95768,216482,30456.6,103505
AL021972,Agnes,1972,LF1,Santa Rosa County,FL,12113,43150,198268,13792,80364
AL021972,Agnes,1972,LF1,Taylor County,FL,12123,13910,21283,5389.2,11180
AL021972,Agnes,1972,LF1,Wakulla County,FL,12129,7396,35178,3195.2,14598
AL021972,Agnes,1972,LF1,Walton County,FL,12131,16977,83304,7461.2,61083
AL021972,Agnes,1972,LF1_Total,Total First ,,,500936,1107381,170827.4,553709
AL021972,Agnes,1972,LF2,Atlantic County,NJ,34001,185010,275638,76946.8,132147
AL021972,Agnes,1972,LF2,Essex County,NJ,34013,935193,849477,313449,336552
AL021972,Agnes,1972,LF2,Hudson County,NJ,34017,605957,703366,215725.6,319636
AL021972,Agnes,1972,LF2,Middlesex County,NJ,34023,594765,861418,178052.4,317338
AL021972,Agnes,1972,LF2,Monmouth County,NJ,34025,478184,644098,157529.2,270238
AL021972,Agnes,1972,LF2,Ocean County,NJ,34029,249271,655735,122955.2,295648
AL021972,Agnes,1972,LF2,Union County,NJ,34039,539718,569815,176031,211919
AL021972,Agnes,1972,LF2_Total,Total Second,,,3588098,4559547,1240689.2,1883478
AL021972,Agnes,1972,LF3,Bronx County,NY,36005,1472538,1379946,497254.8,558005
AL021972,Agnes,1972,LF3,Kings County,NY,36047,2560180,2590516,898377.4,1101441
AL021972,Agnes,1972,LF3,Nassau County,NY,36059,1407236,1383726,415112.2,479297
AL021972,Agnes,1972,LF3,New York County,NY,36061,1508134,1596273,722633.6,923302
AL021972,Agnes,1972,LF3,Queens County,NY,36081,1984998,2278029,714678.6,911957
AL021972,Agnes,1972,LF3,Richmond County,NY,36085,309681,491133,95762.4,184530
AL021972,Agnes,1972,LF3,Suffolk County,NY,36103,1174879,1525465,354377.2,580676
AL021972,Agnes,1972,LF3,Westchester County,NY,36119,893646,990427,296571.6,394293
AL021972,Agnes,1972,LF3_Total,Total Third,,,11311292,12235515,3994767.8,5133501
AL021972,Agnes,1972,DIL1,Georgia State Total,GA,,"4,809,960","10,912,876","1,582,264","4,539,156"
AL021972,Agnes,1972,DIL2,South Carolina State Total,SC,,"2,628,069","4,988,386","882,923","2,446,724"
AL021972,Agnes,1972,DIL3,North Carolina State Total,NC,,"5,298,163","10,698,973",1768451.2,"4,892,662"
AL021972,Agnes,1972,ID1,Virginia State Total,VA,,"4,774,373","8,683,619","1,582,374","3,685,322"
AL021972,Agnes,1972,ID2,West Virginia State Total,WV,,"1,798,104","1,775,156",627411.2,861633
AL021972,Agnes,1972,ID3,Ohio State Total,OH,,"10,748,890","11,756,058",3594968.2,"5,293,356"
AL021972,Agnes,1972,ID4,Maryland State Total,MD,,"4,081,627","6,164,660","1,314,030","2,559,195"
AL021972,Agnes,1972,DIL4,Pennsylvania State Total, PA,,"11,906,033","12,972,008","4,061,113","5,815,392"
AL021972,Agnes,1972,Total_All,Total All,,,15400326,17902443,5406284.4,7570688
AL131975,Eloise,1975,LF1,Bay County,FL,12005,89194,185134,34939,108675
AL131975,Eloise,1975,LF1,Escambia County,FL,12033,227499,324878,76901,149482
AL131975,Eloise,1975,LF1,Okaloosa County,FL,12091,105498,216482,35197.5,103505
AL131975,Eloise,1975,LF1,Santa Rosa County,FL,12113,48211,198268,16253.5,80364
AL131975,Eloise,1975,LF1,Walton County,FL,12131,18433,83304,8757.5,61083
AL131975,Eloise,1975,LF1_Total,Total First ,,,488835,1008066,172048.5,503109
AL111979,Frederic,1979,LF1,Baldwin County,AL,01003,76604,246435,32129.6,132300
AL111979,Frederic,1979,LF1,Mobile County,AL,01097,361762,411411,128686.5,186226
AL111979,Frederic,1979,LF1,Harrison County,MS,28047,156820,211044,56312.7,94568
AL111979,Frederic,1979,LF1,Jackson County,MS,28059,118274,144975,41129.9,63617
AL111979,Frederic,1979,LF1_Total,Total First ,,,713460,1013865,258258.7,476711
AL031983,Alicia,1983,LF1,Brazoria County,TX,48039,184143,388181,64671.8,150595
AL031983,Alicia,1983,LF1,Galveston County,TX,48167,213333,357117,87858.3,162101
AL031983,Alicia,1983,LF1_Total,Total First ,,,397476,745298,152530.1,312696
AL111989,Hugo,1989,LF1,Charleston County,SC,45019,294736,419279,121163.5,209594
AL111989,Hugo,1989,LF1,Colleton County,SC,45029,33904,38599,14647.8,20094
AL111989,Hugo,1989,LF1,Georgetown County,SC,45043,46021,64722,20662.2,37350
AL111989,Hugo,1989,LF1_Total,Total First ,,,,,,
AL041992,Andrew,1992,LF1,Monroe County,FL,12087,79665,81708,47297,54862
AL041992,Andrew,1992,LF1,Miami-Dade County,FL,12086,2002357,2673837,788141,1095553
AL041992,Andrew,1992,LF1_Total,Total First ,,,2082022,2755545,835438,1150415
AL041992,Andrew,1992,LF2,Iberia Parish,LA,22045,69448,68327,25950.8,31328
AL041992,Andrew,1992,LF2,Lafourche Parish,LA,22057,86213,95870,32074.6,41826
AL041992,Andrew,1992,LF2,St. Mary Parish,LA,22101,57825,47789,21849,22557
AL041992,Andrew,1992,LF2,Terrebonne Parish,LA,22109,99313,104786,36357,47808
AL041992,Andrew,1992,LF2,Vermilion Parish,LA,22113,50288,56952,20801,26193
AL041992,Andrew,1992,LF2_Total,Total Second,,,363087,373724,137033,169712
AL041992,Andrew,1992,Total_All,Total All,,,2445109,3129269,972471,1320127
AL171995,Opal,1995,LF1,Baldwin County,AL,01003,119962,246435,62920,132300
AL171995,Opal,1995,LF1,Mobile County,AL,01097,395863,411411,158370,186226
AL171995,Opal,1995,LF1,Bay County,FL,12005,141901,185134,72391,108675
AL171995,Opal,1995,LF1,Escambia County,FL,12033,271585,324878,118559.5,149482
AL171995,Opal,1995,LF1,Okaloosa County,FL,12091,163298,216482,70897,103505
AL171995,Opal,1995,LF1,Santa Rosa County,FL,12113,104099,198268,41149,80364
AL171995,Opal,1995,LF1,Walton County,FL,12131,33866,83304,23937,61083
AL171995,Opal,1995,LF1,Jackson County,MS,28059,128098,144975,48766.5,63617
AL171995,Opal,1995,LF1_Total,Total First ,,,1358672,1810887,596990,885252
AL061996,Fran,1996,LF1,Brunswick County,NC,37019,63032,153064,45945.4,98132
AL061996,Fran,1996,LF1,Carteret County,NC,37031,58381,69380,38515.6,52199
AL061996,Fran,1996,LF1,New Hanover County,NC,37129,143716,234921,70895.8,120181
AL061996,Fran,1996,LF1,Onslow County,NC,37133,142991,207298,52734.6,87540
AL061996,Fran,1996,LF1,Pender County,NC,37141,36489,65737,18738.2,31765
AL061996,Fran,1996,LF1,Georgetown County,SC,45043,51553,64722,25530.2,37350
AL061996,Fran,1996,LF1,Horry County,SC,45051,163784,383101,110033,217330
AL061996,Fran,1996,LF1_Total,Total First ,,,659946,1178223,362392.8,644497
AL081999,Floyd,1999,LF1,Brunswick County,NC,37019,71214,153064,50361.1,98132
AL081999,Floyd,1999,LF1,New Hanover County,NC,37129,150895,234921,77805.7,120181
AL081999,Floyd,1999,LF1,Onslow County,NC,37133,142480,207298,55338.9,87540
AL081999,Floyd,1999,LF1,Pender County,NC,37141,40293,65737,20388.8,31765
AL081999,Floyd,1999,LF1,Georgetown County,SC,45043,54934,64722,27728.3,37350
AL081999,Floyd,1999,LF1,Horry County,SC,45051,178550,383101,120069.5,217330
AL081999,Floyd,1999,LF1_Total,Total First ,,,638366,1108843,351692.3,592298
AL012001,Allison,2001,LF1,Aransas County,TX,48007,22517,24944,13299,16031
AL012001,Allison,2001,LF1,Brazoria County,TX,48039,248355,388181,93487,150595
AL012001,Allison,2001,LF1,Calhoun County,TX,48057,20662,19706,10402,10863
AL012001,Allison,2001,LF1,Chambers County,TX,48071,26557,51288,10720,19198
AL012001,Allison,2001,LF1,Galveston County,TX,48167,254545,357117,114898,162101
AL012001,Allison,2001,LF1,Harris County,TX,48201,3483124,4780913,1327153,1917799
AL012001,Allison,2001,LF1,Jackson County,TX,48239,14215,15142,6593,7048
AL012001,Allison,2001,LF1,Jefferson County,TX,48245,249190,250830,102325,110170
AL012001,Allison,2001,LF1,Matagorda County,TX,48321,37912,36125,18720,19223
AL012001,Allison,2001,LF1,Refugio County,TX,48391,7751,6632,3683,3378
AL012001,Allison,2001,LF1,Victoria County,TX,48469,84681,91065,33398,39595
AL012001,Allison,2001,LF1_Total,Total First ,,,4449509,6021943,1734678,2456001
AL132003,Isabel,2003,LF1,Beaufort County,NC,37013,45080,44272,23190,24539
AL132003,Isabel,2003,LF1,Bertie County,NC,37015,19238,17240,9448,8989
AL132003,Isabel,2003,LF1,Carteret County,NC,37031,60838,69380,43656,52199
AL132003,Isabel,2003,LF1,Craven County,NC,37049,94122,100874,40087,47777
AL132003,Isabel,2003,LF1,Dare County,NC,37055,32885,37956,29951,35267
AL132003,Isabel,2003,LF1,Hyde County,NC,37095,5540,4576,3330,3167
AL132003,Isabel,2003,LF1,Onslow County,NC,37133,156018,207298,59304,87540
AL132003,Isabel,2003,LF1,Pamlico County,NC,37137,12673,12381,7039,7311
AL132003,Isabel,2003,LF1,Tyrrell County,NC,37177,4225,3365,2081,2010
AL132003,Isabel,2003,LF1,Washington County,NC,37187,13367,10828,6337,6048
AL132003,Isabel,2003,LF1_Total,Total First ,,,443986,508170,224423,274847
AL032004,Charley,2004,LF1,Lee County,FL,12071,512180,822453,295553,442027
AL032004,Charley,2004,LF1_Total,Total First ,,,512180,822453,295553,442027
AL032004,Charley,2004,LF2,Charleston County,SC,45019,333122,419279,153615,209594
AL032004,Charley,2004,LF2,Georgetown County,SC,45043,59176,64722,30981,37350
AL032004,Charley,2004,LF2_Total,Total Second,,,392298,484001,184596,246944
AL032004,Charley,2004,Total_All,Total All,,,904478,1306454,480149,688971
AL092004,Ivan,2004,LF1,Baldwin County,AL,01003,156573,246435,84785,132300
AL092004,Ivan,2004,LF1,Mobile County,AL,01097,397521,411411,170247,186226
AL092004,Ivan,2004,LF1,Escambia County,FL,12033,301768,324878,130603,149482
AL092004,Ivan,2004,LF1,Santa Rosa County,FL,12113,138284,198268,56602,80364
AL092004,Ivan,2004,LF1,Jackson County,MS,28059,134187,144975,56152,63617
AL092004,Ivan,2004,LF1_Total,Total First ,,,1128333,1325967,498389,611989
AL062004,Frances,2004,LF1,Brevard County,FL,12009,515890,630693,244293,299108
AL062004,Frances,2004,LF1,Broward County,FL,12011,1741272,1947026,784656,867215
AL062004,Frances,2004,LF1,Indian River County,FL,12061,124105,167352,65463,86505
AL062004,Frances,2004,LF1,Martin County,FL,12085,137009,162006,72483,82908
AL062004,Frances,2004,LF1,Palm Beach County,FL,12099,1240191,1518477,614625,720741
AL062004,Frances,2004,LF1,St. Lucie County,FL,12111,225240,358704,109613,160601
AL062004,Frances,2004,LF1_Total,Total First ,,,3983707,4784258,1891133,2217078
AL112004,Jeanne,2004,LF1,Brevard County,FL,12009,515890,630693,244293,299108
AL112004,Jeanne,2004,LF1,Broward County,FL,12011,1741272,1947026,784656,867215
AL112004,Jeanne,2004,LF1,Charlotte County,FL,12015,156281,202661,87774,118233
AL112004,Jeanne,2004,LF1,Collier County,FL,12021,295453,397994,175532,240238
AL112004,Jeanne,2004,LF1,Indian River County,FL,12061,124105,167352,65463,86505
AL112004,Jeanne,2004,LF1,Lee County,FL,12071,512180,822453,295553,442027
AL112004,Jeanne,2004,LF1,Martin County,FL,12085,137009,162006,72483,82908
AL112004,Jeanne,2004,LF1,Palm Beach County,FL,12099,1240191,1518477,614625,720741
AL112004,Jeanne,2004,LF1,St. Lucie County,FL,12111,225240,358704,109613,160601
AL112004,Jeanne,2004,LF1,Miami-Dade County,FL,12086,2381215,2673837,912008,1095553
AL112004,Jeanne,2004,LF1_Total,Total First ,,,7328836,8881203,3362000,4113129
AL122005,Katrina,2005,LF1,Broward County,FL,12011,1766620,1947026,793132,867215
AL122005,Katrina,2005,LF1,Palm Beach County,FL,12099,1262956,1518477,630764,720741
AL122005,Katrina,2005,LF1,Miami-Dade County,FL,12086,2413583,2673837,934527,1095553
AL122005,Katrina,2005,LF1_Total,Total First ,,,5443159,6139340,2358423,2683509
AL122005,Katrina,2005,LF2,Jefferson Parish,LA,22051,451652,425884,196381,194761
AL122005,Katrina,2005,LF2,Lafourche Parish,LA,22057,91362,95870,36478,41826
AL122005,Katrina,2005,LF2,Plaquemines Parish,LA,22075,28549,22516,11650,9793
AL122005,Katrina,2005,LF2,St. Bernard Parish,LA,22087,64951,44479,26931,18330
AL122005,Katrina,2005,LF2_Total,Total Second,,,636514,588749,271440,264710
AL122005,Katrina,2005,Total_All,Total All,,,6079673,6728089,2629863,2948219
AL252005,Wilma,2005,LF1,Broward County,FL,12011,1766620,1947026,793132,867215
AL252005,Wilma,2005,LF1,Collier County,FL,12021,306640,397994,182515,240238
AL252005,Wilma,2005,LF1,Lee County,FL,12071,541542,822453,316255,442027
AL252005,Wilma,2005,LF1,Monroe County,FL,12087,76135,81708,52384,54862
AL252005,Wilma,2005,LF1,Miami-Dade County,FL,12086,2413583,2673837,934527,1095553
AL252005,Wilma,2005,LF1_Total,Total First ,,,5104520,5923018,2278813,2699895
AL182005,Rita,2005,LF1,Cameron Parish,LA,22023,9576,4902,4775,4018
AL182005,Rita,2005,LF1,Chambers County,TX,48071,28035,51288,11992,19198
AL182005,Rita,2005,LF1,Jefferson County,TX,48245,246063,250830,103440,110170
AL182005,Rita,2005,LF1_Total,Total First ,,,283674,307020,120207,133386
AL092008,Ike,2008,LF1,Cameron Parish,LA,22023,7100,4902,3690,4018
AL092008,Ike,2008,LF1,Brazoria County,TX,48039,301228,388181,115347,150595
AL092008,Ike,2008,LF1,Chambers County,TX,48071,29366,51288,12935,19198
AL092008,Ike,2008,LF1,Galveston County,TX,48167,288489,357117,130893,162101
AL092008,Ike,2008,LF1,Harris County,TX,48201,3980602,4780913,1566929,1917799
AL092008,Ike,2008,LF1,Jefferson County,TX,48245,242201,250830,102909,110170
AL092008,Ike,2008,LF1,Matagorda County,TX,48321,37038,36125,18846,19223
AL092008,Ike,2008,LF1_Total,Total First ,,,4886024,5869356,1951549,2383104
AL072008,Gustav,2008,LF1,Jefferson Parish,LA,22051,444655,425884,187269,194761
AL072008,Gustav,2008,LF1,Lafourche Parish,LA,22057,93556,95870,37861,41826
AL072008,Gustav,2008,LF1,Plaquemines Parish,LA,22075,21138,22516,9314,9793
AL072008,Gustav,2008,LF1,St. Mary Parish,LA,22101,51005,47789,22868,22557
AL072008,Gustav,2008,LF1,Terrebonne Parish,LA,22109,109161,104786,43597,47808
AL072008,Gustav,2008,LF1_Total,Total First ,,,719515,696845,300909,316745
AL092011,Irene,2011,LF1,Beaufort County,NC,37013,47685,44272,24899,24539
AL092011,Irene,2011,LF1,Bertie County,NC,37015,20855,17240,9768,8989
AL092011,Irene,2011,LF1,Brunswick County,NC,37019,110196,153064,78770,98132
AL092011,Irene,2011,LF1,Carteret County,NC,37031,67432,69380,48350,52199
AL092011,Irene,2011,LF1,Craven County,NC,37049,104866,100874,45491,47777
AL092011,Irene,2011,LF1,Dare County,NC,37055,34161,37956,33613,35267
AL092011,Irene,2011,LF1,Hyde County,NC,37095,5798,4576,3353,3167
AL092011,Irene,2011,LF1,New Hanover County,NC,37129,206006,234921,101921,120181
AL092011,Irene,2011,LF1,Onslow County,NC,37133,185068,207298,70970,87540
AL092011,Irene,2011,LF1,Pamlico County,NC,37137,13242,12381,7578,7311
AL092011,Irene,2011,LF1,Pender County,NC,37141,53180,65737,26879,31765
AL092011,Irene,2011,LF1,Tyrrell County,NC,37177,4336,3365,2069,2010
AL092011,Irene,2011,LF1,Washington County,NC,37187,12904,10828,6473,6048
AL092011,Irene,2011,LF1_Total,Total First ,,,865729,961892,460134,524925
,,,,,,,,,,
AL182012,Sandy,2012,LF1,Union County,NJ,34039,542977,569815,200429,211919
AL182012,Sandy,2012,LF1,Hudson County,NJ,34017,652373,703366,273320,319636
AL182012,Sandy,2012,LF1,Essex County,NJ,34013,785092,849477,313364,336552
AL182012,Sandy,2012,LF1,Atlantic,NJ,34001,"274,657",275638,"127,266","132,147"
AL182012,Sandy,2012,LF1,Cape May,NJ,34009,"96,267",95634,"98,700","99,422"
AL182012,Sandy,2012,LF1,Cumberland County,NJ,34011,"156,862","151,356","56,165","57,258"
AL182012,Sandy,2012,LF1,Middlesex County,NJ,34023,"819,389","861,418","297,035","317,338"
AL182012,Sandy,2012,LF1,Monmouth County,NJ,34025,"627,682","644,098","259,396","270,238"
AL182012,Sandy,2012,LF1,Ocean County,NJ,34029,"580,013","655,735","280,558","295,648"
AL182012,Sandy,2012,LF1,Salem County,NJ,34033,"65,427","65,117","27,612","27,736"
AL182012,Sandy,2012,LF1_Total,Total First ,,,4600739,4871654,1933845,2067894
AL182012,Sandy,2012,ID1,New York Total,NY,,"19,574,362","19,677,151","8,172,280","8,586,228"
AL182012,Sandy,2012,ID2,Connecticut Total,CT,,"3,595,211","3,566,022","1,494,242","1,536,344"
AL142016,Matthew,2016,LF1,Charleston,SC,45019,"397,433",419279,"184,324","209,594"
AL142016,Matthew,2016,LF1,Georgetown,SC,45043,"61,609",64722,"34,932","37,350"
AL142016,Matthew,2016,LF1,Horry County,SC,45051,321542,383101,201342,217330
AL142016,Matthew,2016,LF1_Total,Total First ,,,"459,042",484001,"219,256","246,944"
AL092017,Harvey,2017,LF1,"Nueces, Texas",TX,48355,361328,351674,149493,154633
AL092017,Harvey,2017,LF1,"Refugio, Texas",TX,48391,7178,6632,3733,3378
AL092017,Harvey,2017,LF1,"San Patricio, Texas",TX,48409,67221,69954,28445,30506
AL092017,Harvey,2017,LF1,Aransas,TX,48007,"25,421",24944,"16,389","16,031"
AL092017,Harvey,2017,LF1,Calhoun,TX,48057,"21,716",19706,"12,017","10,863"
AL092017,Harvey,2017,LF1_Total,Total First ,,,482864,472910,210077,215411
AL112017,Irma,2017,LF1,Monroe,FL,12087,"76,556",81708,"53,590","54,862"
AL112017,Irma,2017,LF1,Collier,FL,12021,"373,286",397994,"214,308","240,238"
AL112017,Irma,2017,LF1,Lee,FL,12071,741188,822453,392885,442027
AL112018,Irma,2017,Total_All,Total All,,,"1,191,030",1302155,"660,783","737,127"
AL142018,Michael,2018,LF1,Bay,FL,12005,"186,555","185,134","104,312","108,675"
AL142018,Michael,2018,LF1,Gulf,FL,12045,"16,137","15,314","9,704","9,363"
AL142018,Michael,2018,LF1_Total,Total First ,,,"202,692","200,448","114,016","118,038"
AL142018,Michael,2018,DIL1,Georgia State,GA,,"4,891,628","5,074,296","4,325,468","4,539,156"
AL142018,Michael,2018,DIL2,Alabama State,AL,,"10,519,389","10,912,876","2,270,707","2,339,582"
AL062018,Florence,2018,LF1,Brunswick,NC,37019,"137,071",153064,"92,080","98,132"
AL062018,Florence,2018,LF1,New Hanover,NC,37129,"232,566",234921,"113,133","120,181"
AL062018,Florence,2018,LF1,Pender,NC,37141,"62,121",65737,"29,561","31,765"
AL062018,Florence,2018,LF1,Onslow,NC,37133,"197,069","207,298","80,138","87,540"
AL062019,Florence,2018,LF1_Total,Total First ,,,"628,827",661020,"314,912","337,618"
AL132020,Laura,2020,LF1,Cameron Parish,LA,22023,"5,623",4902,"4,194","4,018"
AL132020,Laura,2020,LF1_Total,Total First ,,,5623,4902,"4,194","4,018"
AL132020,Laura,2020,DIL1,Texas State,TX,,"29,232,474","30,029,572",11639842,12136678
AL132020,Laura,2020,DIL2,Arkansas State,AR,,"3,014,195","3,045,637",1368219,1395709
AL132020,Laura,2020,DIL3,Tennesee State,TN,,"6,925,619","7,051,339",3040712,3144618
AL132020,Laura,2020,DIL4,Mississippi State,MS,,"2,958,141","2,940,057",1321936,1342831
AL192020,Sally,2020,LF1,Baldwin ,AL,1003,"233,219","246,435","124,916","132,300"
AL192020,Sally,2020,LF1,Escambia,FL,12033,"322,551","324,878","145,742","149,482"
AL192020,Sally,2020,LF1,Mobile,AL,1097,414353,411411,184563,186226
AL192020,Sally,2020,LF1_Total,Total First ,,,"970,123","982,724","455,221","468,008"
AL092021,Ida,2021,LF1,Jefferson Parish,LA,22051,"433,929",425884,"194,139","194,761"
AL092021,Ida,2021,LF1,Lafourche Parish,LA,22057,"97,537",95870,"41,405","41,826"
AL092021,Ida,2021,LF1,Terrebonne,LA,22109,"109,013",104786,47558,47808
AL092021,Ida,2021,LF1_Total,Total First ,,,"640,479",626540,"283,102","284,395"
AL092021,Ida,2021,DIL1,New Jersey State,NJ,,"9,267,961","9,261,699",3779565,3785346
AL092021,Ida,2021,DIL2,Pennsylvania State,PA,,"13,012,059","12,972,008",5770414,5815392
AL092021,Ida,2021,DIL3,New York State,NY,,"19,857,492","19,677,151",8536791,8586228
,,,,,,,,,,
,,,,,,,,,,
,,,,,,,,,,
,,,,,,,,,,
,,,,,,,,,,
,,,,,,,,,,
,,,,,,,,,,
,,,,,,,,,,
,,,,,,,,,,
,,,,,,,,,,
,,,,,,,,,,
,,,,,,,,,,
,,,,,,,,,,
,,,,,,,,,,
,,,,,,,,,,
,,,,,,,,,,
,,,,,,,,,,
,,,,,,,,,,
,,,,,,,,,,
,,,,,,,,,,
,,,,,,,,,,
,,,,,,,,,,
,,,,,,,,,,
,,,,,,,,,,
,,,,,,,,,,
,,,,,,,,,,
,,,,,,,,,,
,,,,,,,,,,
,,,,,,,,,,
,,,,,,,,,,
,,,,,,,,,,
,,,,,,,,,,
,,,,,,,,,,
,,,,,,,,,,
,,,,,,,,,,
,,,,,,,,,,
,,,,,,,,,,
,,,,,,,,,,
,,,,,,,,,,
,,,,,,,,,,
,,,,,,,,,,
,,,,,,,,,,
,,,,,,,,,,
,,,,,,,,,,
,,,,,,,,,,
,,,,,,,,,,
,,,,,,,,,,
,,,,,,,,,,
,,,,,,,,,,
,,,,,,,,,,
,,,,,,,,,,
,,,,,,,,,,
,,,,,,,,,,
,,,,,,,,,,
,,,,,,,,,,
,,,,,,,,,,
,,,,,,,,,,
,,,,,,,,,,
,,,,,,,,,,
,,,,,,,,,,
,,,,,,,,,,
,,,,,,,,,,
,,,,,,,,,,
,,,,,,,,,,
,,,,,,,,,,
,,,,,,,,,,
,,,,,,,,,,
,,,,,,,,,,
,,,,,,,,,,
,,,,,,,,,,
,,,,,,,,,,
,,,,,,,,,,
,,,,,,,,,,
,,,,,,,,,,
,,,,,,,,,,
,,,,,,,,,,
,,,,,,,,,,
,,,,,,,,,,
,,,,,,,,,,
,,,,,,,,,,
,,,,,,,,,,
,,,,,,,,,,
,,,,,,,,,,
,,,,,,,,,,
,,,,,,,,,,
,,,,,,,,,,
,,,,,,,,,,
,,,,,,,,,,
,,,,,,,,,,
,,,,,,,,,,
,,,,,,,,,,
,,,,,,,,,,
,,,,,,,,,,
,,,,,,,,,,
,,,,,,,,,,
,,,,,,,,,,
,,,,,,,,,,
,,,,,,,,,,
,,,,,,,,,,
,,,,,,,,,,
,,,,,,,,,,
,,,,,,,,,,
,,,,,,,,,,
,,,,,,,,,,
,,,,,,,,,,
,,,,,,,,,,
,,,,,,,,,,
,,,,,,,,,,
,,,,,,,,,,
,,,,,,,,,,
,,,,,,,,,,
,,,,,,,,,,
,,,,,,,,,,
,,,,,,,,,,
,,,,,,,,,,
,,,,,,,,,,
,,,,,,,,,,
,,,,,,,,,,
,,,,,,,,,,
,,,,,,,,,,
,,,,,,,,,,
,,,,,,,,,,
,,,,,,,,,,
,,,,,,,,,,
,,,,,,,,,,
,,,,,,,,,,
,,,,,,,,,,
,,,,,,,,,,
,,,,,,,,,,
,,,,,,,,,,
,,,,,,,,,,
,,,,,,,,,,
,,,,,,,,,,
,,,,,,,,,,
,,,,,,,,,,
,,,,,,,,,,
,,,,,,,,,,
,,,,,,,,,,
,,,,,,,,,,
,,,,,,,,,,
,,,,,,,,,,
,,,,,,,,,,
,,,,,,,,,,
,,,,,,,,,,
,,,,,,,,,,
,,,,,,,,,,
,,,,,,,,,,
,,,,,,,,,,
,,,,,,,,,,
,,,,,,,,,,
,,,,,,,,,,
,,,,,,,,,,
,,,,,,,,,,
,,,,,,,,,,
,,,,,,,,,,
,,,,,,,,,,
,,,,,,,,,,
,,,,,,,,,,
,,,,,,,,,,
,,,,,,,,,,
,,,,,,,,,,
,,,,,,,,,,
,,,,,,,,,,
,,,,,,,,,,
,,,,,,,,,,
,,,,,,,,,,
,,,,,,,,,,
,,,,,,,,,,
,,,,,,,,,,
,,,,,,,,,,
,,,,,,,,,,
,,,,,,,,,,
,,,,,,,,,,
,,,,,,,,,,
,,,,,,,,,,
,,,,,,,,,,
,,,,,,,,,,
,,,,,,,,,,
,,,,,,,,,,
,,,,,,,,,,
,,,,,,,,,,
,,,,,,,,,,
,,,,,,,,,,
,,,,,,,,,,
,,,,,,,,,,
,,,,,,,,,,
,,,,,,,,,,
,,,,,,,,,,
,,,,,,,,,,
,,,,,,,,,,
,,,,,,,,,,
,,,,,,,,,,
,,,,,,,,,,
,,,,,,,,,,
,,,,,,,,,,
,,,,,,,,,,
,,,,,,,,,,
,,,,,,,,,,
,,,,,,,,,,
,,,,,,,,,,
,,,,,,,,,,
,,,,,,,,,,
,,,,,,,,,,
,,,,,,,,,,
,,,,,,,,,,
,,,,,,,,,,
,,,,,,,,,,
,,,,,,,,,,
,,,,,,,,,,
,,,,,,,,,,
,,,,,,,,,,
,,,,,,,,,,
,,,,,,,,,,
,,,,,,,,,,
,,,,,,,,,,
,,,,,,,,,,
,,,,,,,,,,
,,,,,,,,,,
,,,,,,,,,,
,,,,,,,,,,
,,,,,,,,,,
,,,,,,,,,,
,,,,,,,,,,
,,,,,,,,,,
,,,,,,,,,,
,,,,,,,,,,
,,,,,,,,,,
,,,,,,,,,,
,,,,,,,,,,
,,,,,,,,,,
,,,,,,,,,,
,,,,,,,,,,
,,,,,,,,,,
,,,,,,,,,,
,,,,,,,,,,
,,,,,,,,,,
,,,,,,,,,,
,,,,,,,,,,
,,,,,,,,,,
,,,,,,,,,,
,,,,,,,,,,
,,,,,,,,,,
,,,,,,,,,,
,,,,,,,,,,
,,,,,,,,,,
,,,,,,,,,,
,,,,,,,,,,
,,,,,,,,,,
,,,,,,,,,,
,,,,,,,,,,
,,,,,,,,,,
,,,,,,,,,,
,,,,,,,,,,
,,,,,,,,,,
,,,,,,,,,,
,,,,,,,,,,
,,,,,,,,,,
,,,,,,,,,,
,,,,,,,,,,
,,,,,,,,,,
,,,,,,,,,,
,,,,,,,,,,
,,,,,,,,,,
,,,,,,,,,,
,,,,,,,,,,
,,,,,,,,,,
,,,,,,,,,,
,,,,,,,,,,
,,,,,,,,,,
,,,,,,,,,,
,,,,,,,,,,
,,,,,,,,,,
,,,,,,,,,,
,,,,,,,,,,
,,,,,,,,,,
,,,,,,,,,,
,,,,,,,,,,
,,,,,,,,,,
,,,,,,,,,,
,,,,,,,,,,
,,,,,,,,,,
,,,,,,,,,,
,,,,,,,,,,
,,,,,,,,,,
,,,,,,,,,,
,,,,,,,,,,
,,,,,,,,,,
,,,,,,,,,,
,,,,,,,,,,
,,,,,,,,,,
,,,,,,,,,,
,,,,,,,,,,
,,,,,,,,,,
,,,,,,,,,,
,,,,,,,,,,
,,,,,,,,,,
,,,,,,,,,,
,,,,,,,,,,
,,,,,,,,,,
,,,,,,,,,,
,,,,,,,,,,
,,,,,,,,,,
,,,,,,,,,,
,,,,,,,,,,
,,,,,,,,,,
,,,,,,,,,,
,,,,,,,,,,
,,,,,,,,,,
,,,,,,,,,,
,,,,,,,,,,
,,,,,,,,,,
,,,,,,,,,,
,,,,,,,,,,
,,,,,,,,,,
,,,,,,,,,,
,,,,,,,,,,
,,,,,,,,,,
,,,,,,,,,,
,,,,,,,,,,
,,,,,,,,,,
,,,,,,,,,,
,,,,,,,,,,
,,,,,,,,,,
,,,,,,,,,,
,,,,,,,,,,
,,,,,,,,,,
,,,,,,,,,,
,,,,,,,,,,
,,,,,,,,,,
,,,,,,,,,,
,,,,,,,,,,
,,,,,,,,,,
,,,,,,,,,,
,,,,,,,,,,
,,,,,,,,,,
,,,,,,,,,,
,,,,,,,,,,
,,,,,,,,,,
,,,,,,,,,,
,,,,,,,,,,
,,,,,,,,,,
,,,,,,,,,,
,,,,,,,,,,
,,,,,,,,,,
,,,,,,,,,,
,,,,,,,,,,
,,,,,,,,,,
,,,,,,,,,,
,,,,,,,,,,
,,,,,,,,,,
,,,,,,,,,,
,,,,,,,,,,
,,,,,,,,,,
,,,,,,,,,,
,,,,,,,,,,
,,,,,,,,,,
,,,,,,,,,,
,,,,,,,,,,
,,,,,,,,,,
,,,,,,,,,,
,,,,,,,,,,
,,,,,,,,,,
,,,,,,,,,,
,,,,,,,,,,
,,,,,,,,,,
,,,,,,,,,,
,,,,,,,,,,
,,,,,,,,,,
,,,,,,,,,,
,,,,,,,,,,
,,,,,,,,,,
,,,,,,,,,,
,,,,,,,,,,
,,,,,,,,,,
,,,,,,,,,,
,,,,,,,,,,
,,,,,,,,,,
,,,,,,,,,,
,,,,,,,,,,
,,,,,,,,,,
,,,,,,,,,,
,,,,,,,,,,
,,,,,,,,,,
,,,,,,,,,,
,,,,,,,,,,
,,,,,,,,,,
,,,,,,,,,,
,,,,,,,,,,
,,,,,,,,,,
,,,,,,,,,,
,,,,,,,,,,
,,,,,,,,,,
,,,,,,,,,,
,,,,,,,,,,
,,,,,,,,,,
,,,,,,,,,,
,,,,,,,,,,
,,,,,,,,,,
,,,,,,,,,,
,,,,,,,,,,
,,,,,,,,,,
,,,,,,,,,,
,,,,,,,,,,
,,,,,,,,,,
,,,,,,,,,,
,,,,,,,,,,
,,,,,,,,,,
,,,,,,,,,,
,,,,,,,,,,
,,,,,,,,,,
,,,,,,,,,,
,,,,,,,,,,
,,,,,,,,,,
,,,,,,,,,,
,,,,,,,,,,
,,,,,,,,,,
,,,,,,,,,,
,,,,,,,,,,
,,,,,,,,,,
,,,,,,,,,,
,,,,,,,,,,
,,,,,,,,,,
,,,,,,,,,,
,,,,,,,,,,
,,,,,,,,,,
,,,,,,,,,,
,,,,,,,,,,
,,,,,,,,,,
,,,,,,,,,,
,,,,,,,,,,
,,,,,,,,,,
,,,,,,,,,,
